{
    "name": "Config Import",
    "item_type": "Importer",
    "mapping": {
        "table_mappings": {
            "Coupling Parameters": [
                {
                    "Mapping 1": {
                        "mapping": [
                            {
                                "map_type": "ObjectClass",
                                "position": "hidden",
                                "value": "Configuration"
                            },
                            {
                                "map_type": "Object",
                                "position": "hidden",
                                "value": "SimulationYears"
                            },
                            {
                                "map_type": "ObjectMetadata",
                                "position": "hidden"
                            },
                            {
                                "map_type": "ParameterDefinition",
                                "position": 0
                            },
                            {
                                "map_type": "Alternative",
                                "position": "hidden",
                                "value": "0"
                            },
                            {
                                "map_type": "ParameterValueMetadata",
                                "position": "hidden"
                            },
                            {
                                "map_type": "ParameterValue",
                                "position": 1
                            }
                        ]
                    }
                }
            ],
            "Import Priorities": [
                {
                    "Mapping 1": {
                        "mapping": [
                            {
                                "map_type": "ObjectClass",
                                "position": "hidden",
                                "value": "Configuration"
                            },
                            {
                                "map_type": "Object",
                                "position": -1
                            },
                            {
                                "map_type": "ObjectMetadata",
                                "position": "hidden"
                            },
                            {
                                "map_type": "ParameterDefinition",
                                "position": 0
                            },
                            {
                                "map_type": "Alternative",
                                "position": "hidden",
                                "value": "0"
                            },
                            {
                                "map_type": "ParameterValueMetadata",
                                "position": "hidden"
                            },
                            {
                                "map_type": "ParameterValue",
                                "position": "hidden"
                            }
                        ]
                    }
                }
            ],
            "StrategicReserveOperators": [
                {
                    "Mapping 1": {
                        "mapping": [
                            {
                                "map_type": "ObjectClass",
                                "position": "hidden"
                            },
                            {
                                "map_type": "Object",
                                "position": "hidden"
                            },
                            {
                                "map_type": "ObjectMetadata",
                                "position": "hidden"
                            },
                            {
                                "map_type": "ParameterDefinition",
                                "position": "hidden"
                            },
                            {
                                "map_type": "Alternative",
                                "position": "hidden"
                            },
                            {
                                "map_type": "ParameterValueMetadata",
                                "position": "hidden"
                            },
                            {
                                "map_type": "ParameterValue",
                                "position": "hidden"
                            }
                        ]
                    }
                }
            ]
        },
        "selected_tables": [
            "Coupling Parameters",
            "Import Priorities"
        ],
        "table_options": {
            "Coupling Parameters": {},
            "Import Priorities": {},
            "StrategicReserveOperators": {}
        },
        "table_types": {
            "Coupling Parameters": {
                "0": "string",
                "1": "float",
                "2": "string",
                "3": "string"
            },
            "Import Priorities": {
                "0": "string",
                "1": "float"
            },
            "StrategicReserveOperators": {
                "0": "string",
                "1": "string"
            }
        },
        "table_row_types": {},
        "source_type": "ExcelConnector"
    },
    "description": ""
}