{
    "name": "Emlab parameters",
    "item_type": "Importer",
    "mapping": {
        "table_mappings": {
            "CapacityMarkets": [
                {
                    "Mapping 1": {
                        "mapping": [
                            {
                                "map_type": "ObjectClass",
                                "position": "table_name",
                                "value": "CapacityMarkets"
                            },
                            {
                                "map_type": "Object",
                                "position": 0
                            },
                            {
                                "map_type": "ObjectMetadata",
                                "position": "hidden"
                            },
                            {
                                "map_type": "ParameterDefinition",
                                "position": -1
                            },
                            {
                                "map_type": "Alternative",
                                "position": 6
                            },
                            {
                                "map_type": "ParameterValueMetadata",
                                "position": "hidden"
                            },
                            {
                                "map_type": "ParameterValue",
                                "position": "hidden"
                            }
                        ]
                    }
                }
            ],
            "CO2Auction": [
                {
                    "Mapping 1": {
                        "mapping": [
                            {
                                "map_type": "ObjectClass",
                                "position": "table_name",
                                "value": "CO2Auction"
                            },
                            {
                                "map_type": "Object",
                                "position": 0
                            },
                            {
                                "map_type": "ObjectMetadata",
                                "position": "hidden"
                            },
                            {
                                "map_type": "ParameterDefinition",
                                "position": -1
                            },
                            {
                                "map_type": "Alternative",
                                "position": "hidden",
                                "value": "0"
                            },
                            {
                                "map_type": "ParameterValueMetadata",
                                "position": "hidden"
                            },
                            {
                                "map_type": "ParameterValue",
                                "position": "hidden"
                            }
                        ]
                    }
                }
            ],
            "ElectricitySpotMarkets": [
                {
                    "Mapping 1": {
                        "mapping": [
                            {
                                "map_type": "ObjectClass",
                                "position": "table_name",
                                "value": "ElectricitySpotMarkets"
                            },
                            {
                                "map_type": "Object",
                                "position": 0
                            },
                            {
                                "map_type": "ObjectMetadata",
                                "position": "hidden"
                            },
                            {
                                "map_type": "ParameterDefinition",
                                "position": -1
                            },
                            {
                                "map_type": "Alternative",
                                "position": 8
                            },
                            {
                                "map_type": "ParameterValueMetadata",
                                "position": "hidden"
                            },
                            {
                                "map_type": "ParameterValue",
                                "position": "hidden"
                            }
                        ]
                    }
                }
            ],
            "EnergyConsumers": [
                {
                    "Mapping 1": {
                        "mapping": [
                            {
                                "map_type": "ObjectClass",
                                "position": "table_name",
                                "value": "EnergyConsumers"
                            },
                            {
                                "map_type": "Object",
                                "position": 0
                            },
                            {
                                "map_type": "ObjectMetadata",
                                "position": "hidden"
                            },
                            {
                                "map_type": "ParameterDefinition",
                                "position": -1
                            },
                            {
                                "map_type": "Alternative",
                                "position": "hidden",
                                "value": "0"
                            },
                            {
                                "map_type": "ParameterValueMetadata",
                                "position": "hidden"
                            },
                            {
                                "map_type": "ParameterValue",
                                "position": "hidden"
                            }
                        ]
                    }
                }
            ],
            "EnergyProducers": [
                {
                    "Mapping 1": {
                        "mapping": [
                            {
                                "map_type": "ObjectClass",
                                "position": "table_name",
                                "value": "EnergyProducers"
                            },
                            {
                                "map_type": "Object",
                                "position": 0
                            },
                            {
                                "map_type": "ObjectMetadata",
                                "position": "hidden"
                            },
                            {
                                "map_type": "ParameterDefinition",
                                "position": -1
                            },
                            {
                                "map_type": "Alternative",
                                "position": "hidden",
                                "value": "0"
                            },
                            {
                                "map_type": "ParameterValueMetadata",
                                "position": "hidden"
                            },
                            {
                                "map_type": "ParameterValue",
                                "position": "hidden"
                            }
                        ]
                    }
                }
            ],
            "GeometricTrends": [
                {
                    "Mapping 1": {
                        "mapping": [
                            {
                                "map_type": "ObjectClass",
                                "position": "table_name",
                                "value": "GeometricTrends"
                            },
                            {
                                "map_type": "Object",
                                "position": 0
                            },
                            {
                                "map_type": "ObjectMetadata",
                                "position": "hidden"
                            },
                            {
                                "map_type": "ParameterDefinition",
                                "position": -1
                            },
                            {
                                "map_type": "Alternative",
                                "position": "hidden",
                                "value": "0"
                            },
                            {
                                "map_type": "ParameterValueMetadata",
                                "position": "hidden"
                            },
                            {
                                "map_type": "ParameterValue",
                                "position": "hidden"
                            }
                        ]
                    }
                }
            ],
            "Governments": [
                {
                    "Mapping 1": {
                        "mapping": [
                            {
                                "map_type": "ObjectClass",
                                "position": "table_name",
                                "value": "Governments"
                            },
                            {
                                "map_type": "Object",
                                "position": 0
                            },
                            {
                                "map_type": "ObjectMetadata",
                                "position": "hidden"
                            },
                            {
                                "map_type": "ParameterDefinition",
                                "position": -1
                            },
                            {
                                "map_type": "Alternative",
                                "position": "hidden",
                                "value": "0"
                            },
                            {
                                "map_type": "ParameterValueMetadata",
                                "position": "hidden"
                            },
                            {
                                "map_type": "ParameterValue",
                                "position": "hidden"
                            }
                        ]
                    }
                }
            ],
            "IntermittentResourceProfiles": [
                {
                    "Mapping 1": {
                        "mapping": [
                            {
                                "map_type": "ObjectClass",
                                "position": "hidden"
                            },
                            {
                                "map_type": "Object",
                                "position": "hidden"
                            },
                            {
                                "map_type": "ObjectMetadata",
                                "position": "hidden"
                            },
                            {
                                "map_type": "ParameterDefinition",
                                "position": "hidden"
                            },
                            {
                                "map_type": "Alternative",
                                "position": "hidden"
                            },
                            {
                                "map_type": "ParameterValueMetadata",
                                "position": "hidden"
                            },
                            {
                                "map_type": "ParameterValue",
                                "position": "hidden"
                            }
                        ]
                    }
                }
            ],
            "MarketStabilityReserve": [
                {
                    "Mapping 1": {
                        "mapping": [
                            {
                                "map_type": "ObjectClass",
                                "position": "hidden"
                            },
                            {
                                "map_type": "Object",
                                "position": "hidden"
                            },
                            {
                                "map_type": "ObjectMetadata",
                                "position": "hidden"
                            }
                        ]
                    }
                }
            ],
            "NationalGovernments": [
                {
                    "Mapping 1": {
                        "mapping": [
                            {
                                "map_type": "ObjectClass",
                                "position": "hidden"
                            },
                            {
                                "map_type": "Object",
                                "position": "hidden"
                            },
                            {
                                "map_type": "ObjectMetadata",
                                "position": "hidden"
                            }
                        ]
                    }
                }
            ],
            "StepTrends": [
                {
                    "Mapping 1": {
                        "mapping": [
                            {
                                "map_type": "ObjectClass",
                                "position": "table_name",
                                "value": "StepTrends"
                            },
                            {
                                "map_type": "Object",
                                "position": 0
                            },
                            {
                                "map_type": "ObjectMetadata",
                                "position": "hidden"
                            },
                            {
                                "map_type": "ParameterDefinition",
                                "position": -1
                            },
                            {
                                "map_type": "Alternative",
                                "position": "hidden",
                                "value": "0"
                            },
                            {
                                "map_type": "ParameterValueMetadata",
                                "position": "hidden"
                            },
                            {
                                "map_type": "ParameterValue",
                                "position": "hidden"
                            }
                        ]
                    }
                }
            ],
            "TargetInvestors": [
                {
                    "Mapping 1": {
                        "mapping": [
                            {
                                "map_type": "ObjectClass",
                                "position": "hidden"
                            },
                            {
                                "map_type": "Object",
                                "position": "hidden"
                            },
                            {
                                "map_type": "ObjectMetadata",
                                "position": "hidden"
                            }
                        ]
                    }
                }
            ],
            "TargetInvestorTargets": [
                {
                    "Mapping 1": {
                        "mapping": [
                            {
                                "map_type": "ObjectClass",
                                "position": "hidden",
                                "value": "Targets"
                            },
                            {
                                "map_type": "Object",
                                "position": 0
                            },
                            {
                                "map_type": "ObjectMetadata",
                                "position": "hidden"
                            },
                            {
                                "map_type": "ParameterDefinition",
                                "position": -1
                            },
                            {
                                "map_type": "Alternative",
                                "position": "hidden",
                                "value": "0"
                            },
                            {
                                "map_type": "ParameterValueMetadata",
                                "position": "hidden"
                            },
                            {
                                "map_type": "ParameterValue",
                                "position": "hidden"
                            }
                        ]
                    }
                }
            ],
            "FuelPriceTrends": [
                {
                    "Mapping 1": {
                        "mapping": [
                            {
                                "map_type": "ObjectClass",
                                "position": "table_name",
                                "value": "FuelPriceTrends",
                                "skip_columns": [
                                    4
                                ]
                            },
                            {
                                "map_type": "Object",
                                "position": 0
                            },
                            {
                                "map_type": "ObjectMetadata",
                                "position": "hidden"
                            },
                            {
                                "map_type": "ParameterDefinition",
                                "position": -1
                            },
                            {
                                "map_type": "Alternative",
                                "position": "hidden",
                                "value": "0"
                            },
                            {
                                "map_type": "ParameterValueMetadata",
                                "position": "hidden"
                            },
                            {
                                "map_type": "ParameterValue",
                                "position": "hidden"
                            }
                        ]
                    }
                }
            ],
            "explanation": [
                {
                    "Mapping 1": {
                        "mapping": [
                            {
                                "map_type": "ObjectClass",
                                "position": "hidden"
                            },
                            {
                                "map_type": "Object",
                                "position": "hidden"
                            },
                            {
                                "map_type": "ObjectMetadata",
                                "position": "hidden"
                            }
                        ]
                    }
                }
            ],
            "TechnologiesEmlab": [
                {
                    "Mapping 1": {
                        "mapping": [
                            {
                                "map_type": "ObjectClass",
                                "position": "table_name",
                                "value": "TechnologiesEmlab"
                            },
                            {
                                "map_type": "Object",
                                "position": 0
                            },
                            {
                                "map_type": "ObjectMetadata",
                                "position": "hidden"
                            },
                            {
                                "map_type": "ParameterDefinition",
                                "position": -1
                            },
                            {
                                "map_type": "Alternative",
                                "position": "hidden",
                                "value": "0"
                            },
                            {
                                "map_type": "ParameterValueMetadata",
                                "position": "hidden"
                            },
                            {
                                "map_type": "ParameterValue",
                                "position": "hidden"
                            }
                        ]
                    }
                }
            ],
            "Fuels": [
                {
                    "Mapping 1": {
                        "mapping": [
                            {
                                "map_type": "ObjectClass",
                                "position": "hidden",
                                "value": "Fuels",
                                "skip_columns": [
                                    3,
                                    4
                                ]
                            },
                            {
                                "map_type": "Object",
                                "position": 0
                            },
                            {
                                "map_type": "ObjectMetadata",
                                "position": "hidden"
                            },
                            {
                                "map_type": "ParameterDefinition",
                                "position": -1
                            },
                            {
                                "map_type": "Alternative",
                                "position": "hidden",
                                "value": "0"
                            },
                            {
                                "map_type": "ParameterValueMetadata",
                                "position": "hidden"
                            },
                            {
                                "map_type": "ParameterValue",
                                "position": "hidden"
                            }
                        ]
                    }
                }
            ],
            "NewTechnologies": [
                {
                    "Mapping 1": {
                        "mapping": [
                            {
                                "map_type": "ObjectClass",
                                "position": "table_name",
                                "value": "NewTechnologies",
                                "skip_columns": [
                                    4,
                                    8
                                ]
                            },
                            {
                                "map_type": "Object",
                                "position": 0
                            },
                            {
                                "map_type": "ObjectMetadata",
                                "position": "hidden"
                            },
                            {
                                "map_type": "ParameterDefinition",
                                "position": -1
                            },
                            {
                                "map_type": "Alternative",
                                "position": 6
                            },
                            {
                                "map_type": "ParameterValueMetadata",
                                "position": "hidden"
                            },
                            {
                                "map_type": "ParameterValue",
                                "position": "hidden"
                            }
                        ]
                    }
                }
            ],
            "not chosen technologies": [
                {
                    "Mapping 1": {
                        "mapping": [
                            {
                                "map_type": "ObjectClass",
                                "position": "hidden"
                            },
                            {
                                "map_type": "Object",
                                "position": "hidden"
                            },
                            {
                                "map_type": "ObjectMetadata",
                                "position": "hidden"
                            }
                        ]
                    }
                }
            ],
            "COMPETESfuelPrices": [
                {
                    "Mapping 1": {
                        "mapping": [
                            {
                                "map_type": "ObjectClass",
                                "position": "hidden"
                            },
                            {
                                "map_type": "Object",
                                "position": "hidden"
                            },
                            {
                                "map_type": "ObjectMetadata",
                                "position": "hidden"
                            }
                        ]
                    }
                }
            ],
            "dutchGermanPlants2015_from_emla": [
                {
                    "Mapping 1": {
                        "mapping": [
                            {
                                "map_type": "ObjectClass",
                                "position": "hidden",
                                "value": "PowerPlantsInstalled",
                                "skip_columns": [
                                    1
                                ]
                            },
                            {
                                "map_type": "Object",
                                "position": 0
                            },
                            {
                                "map_type": "ObjectMetadata",
                                "position": "hidden"
                            },
                            {
                                "map_type": "ParameterDefinition",
                                "position": -1
                            },
                            {
                                "map_type": "Alternative",
                                "position": "hidden",
                                "value": "0"
                            },
                            {
                                "map_type": "ParameterValueMetadata",
                                "position": "hidden"
                            },
                            {
                                "map_type": "ParameterValue",
                                "position": "hidden"
                            }
                        ]
                    }
                }
            ],
            "dictTech": [
                {
                    "Mapping 1": {
                        "mapping": [
                            {
                                "map_type": "ObjectClass",
                                "position": "hidden",
                                "value": "Dictionary",
                                "skip_columns": [
                                    0,
                                    4,
                                    5,
                                    6,
                                    7
                                ]
                            },
                            {
                                "map_type": "Object",
                                "position": -1
                            },
                            {
                                "map_type": "ObjectMetadata",
                                "position": "hidden"
                            },
                            {
                                "map_type": "ParameterDefinition",
                                "position": 1
                            },
                            {
                                "map_type": "Alternative",
                                "position": "hidden",
                                "value": "0"
                            },
                            {
                                "map_type": "ParameterValueMetadata",
                                "position": "hidden"
                            },
                            {
                                "map_type": "ParameterValue",
                                "position": "hidden"
                            }
                        ]
                    }
                }
            ],
            "dictFuel": [
                {
                    "Mapping 1": {
                        "mapping": [
                            {
                                "map_type": "ObjectClass",
                                "position": "hidden",
                                "value": "Dictionary",
                                "skip_columns": [
                                    3
                                ],
                                "read_start_row": 1
                            },
                            {
                                "map_type": "Object",
                                "position": -1
                            },
                            {
                                "map_type": "ObjectMetadata",
                                "position": "hidden"
                            },
                            {
                                "map_type": "ParameterDefinition",
                                "position": 0
                            },
                            {
                                "map_type": "Alternative",
                                "position": "hidden",
                                "value": "0"
                            },
                            {
                                "map_type": "ParameterValueMetadata",
                                "position": "hidden"
                            },
                            {
                                "map_type": "ParameterValue",
                                "position": 1
                            }
                        ]
                    }
                },
                {
                    "Mapping 2": {
                        "mapping": [
                            {
                                "map_type": "ObjectClass",
                                "position": "hidden",
                                "value": "Dictionary",
                                "skip_columns": [
                                    3
                                ]
                            },
                            {
                                "map_type": "Object",
                                "position": -1
                            },
                            {
                                "map_type": "ObjectMetadata",
                                "position": "hidden"
                            },
                            {
                                "map_type": "ParameterDefinition",
                                "position": 0
                            },
                            {
                                "map_type": "Alternative",
                                "position": "hidden",
                                "value": "0"
                            },
                            {
                                "map_type": "ParameterValueMetadata",
                                "position": "hidden"
                            },
                            {
                                "map_type": "ParameterValue",
                                "position": 2
                            }
                        ]
                    }
                }
            ],
            "TechnologiesEmlabTemporal": [
                {
                    "Mapping 1": {
                        "mapping": [
                            {
                                "map_type": "ObjectClass",
                                "position": "hidden",
                                "value": "unit"
                            },
                            {
                                "map_type": "Object",
                                "position": 0
                            },
                            {
                                "map_type": "ObjectMetadata",
                                "position": "hidden"
                            },
                            {
                                "map_type": "ParameterDefinition",
                                "position": -1
                            },
                            {
                                "map_type": "Alternative",
                                "position": "hidden",
                                "value": "emlab-temporal"
                            },
                            {
                                "map_type": "ParameterValueMetadata",
                                "position": "hidden"
                            },
                            {
                                "map_type": "ParameterValue",
                                "position": "hidden"
                            }
                        ]
                    }
                }
            ],
            "dictvariables": [
                {
                    "Mapping 1": {
                        "mapping": [
                            {
                                "map_type": "ObjectClass",
                                "position": "hidden"
                            },
                            {
                                "map_type": "Object",
                                "position": "hidden"
                            },
                            {
                                "map_type": "ObjectMetadata",
                                "position": "hidden"
                            }
                        ]
                    }
                }
            ],
            "CO2": [
                {
                    "Mapping 1": {
                        "mapping": [
                            {
                                "map_type": "ObjectClass",
                                "position": "hidden",
                                "value": "node",
                                "skip_columns": [
                                    2,
                                    3
                                ]
                            },
                            {
                                "map_type": "Object",
                                "position": "table_name",
                                "value": "CO2"
                            },
                            {
                                "map_type": "ObjectMetadata",
                                "position": "hidden"
                            },
                            {
                                "map_type": "ParameterDefinition",
                                "position": 0
                            },
                            {
                                "map_type": "Alternative",
                                "position": -1
                            },
                            {
                                "map_type": "ParameterValueMetadata",
                                "position": "hidden"
                            },
                            {
                                "map_type": "ParameterValue",
                                "position": "hidden"
                            }
                        ]
                    }
                }
            ],
            "CandidatePowerPlants": [
                {
                    "Mapping 1": {
                        "mapping": [
                            {
                                "map_type": "ObjectClass",
                                "position": "table_name",
                                "value": "CandidatePowerPlants",
                                "skip_columns": [
                                    6
                                ]
                            },
                            {
                                "map_type": "Object",
                                "position": 0
                            },
                            {
                                "map_type": "ObjectMetadata",
                                "position": "hidden"
                            },
                            {
                                "map_type": "ParameterDefinition",
                                "position": -1
                            },
                            {
                                "map_type": "Alternative",
                                "position": "hidden",
                                "value": "0"
                            },
                            {
                                "map_type": "ParameterValueMetadata",
                                "position": "hidden"
                            },
                            {
                                "map_type": "ParameterValue",
                                "position": "hidden"
                            }
                        ]
                    }
                }
            ],
            "StrategicReserveOperator": [
                {
                    "Mapping 1": {
                        "mapping": [
                            {
                                "map_type": "ObjectClass",
                                "position": "hidden",
                                "value": "StrategicReserveOperators"
                            },
                            {
                                "map_type": "Object",
                                "position": 0
                            },
                            {
                                "map_type": "ObjectMetadata",
                                "position": "hidden"
                            },
                            {
                                "map_type": "ParameterDefinition",
                                "position": -1
                            },
                            {
                                "map_type": "Alternative",
                                "position": "hidden",
                                "value": "0"
                            },
                            {
                                "map_type": "ParameterValueMetadata",
                                "position": "hidden"
                            },
                            {
                                "map_type": "ParameterValue",
                                "position": "hidden"
                            }
                        ]
                    }
                }
            ],
            "cash": [
                {
                    "Mapping 1": {
                        "mapping": [
                            {
                                "map_type": "ObjectClass",
                                "position": "hidden",
                                "value": "EnergyProducers"
                            },
                            {
                                "map_type": "Object",
                                "position": 0
                            },
                            {
                                "map_type": "ObjectMetadata",
                                "position": "hidden"
                            },
                            {
                                "map_type": "ParameterDefinition",
                                "position": -1
                            },
                            {
                                "map_type": "Alternative",
                                "position": "hidden",
                                "value": "0"
                            },
                            {
                                "map_type": "ParameterValueMetadata",
                                "position": "hidden"
                            },
                            {
                                "map_type": "ParameterValueType",
                                "position": "hidden",
                                "value": "map"
                            },
                            {
                                "map_type": "IndexName",
                                "position": -1
                            },
                            {
                                "map_type": "ParameterValueIndex",
                                "position": 1
                            },
                            {
                                "map_type": "ExpandedValue",
                                "position": "hidden"
                            }
                        ]
                    }
                }
            ],
            "Dismantled": [
                {
                    "Mapping 1": {
                        "mapping": [
                            {
                                "map_type": "ObjectClass",
                                "position": "hidden",
                                "value": "Decommissioned"
                            },
                            {
                                "map_type": "Object",
                                "position": 0
                            },
                            {
                                "map_type": "ObjectMetadata",
                                "position": "hidden"
                            },
                            {
                                "map_type": "ParameterDefinition",
                                "position": -1
                            },
                            {
                                "map_type": "Alternative",
                                "position": "hidden",
                                "value": "0"
                            },
                            {
                                "map_type": "ParameterValueMetadata",
                                "position": "hidden"
                            },
                            {
                                "map_type": "ParameterValue",
                                "position": "hidden"
                            }
                        ]
                    }
                }
            ]
        },
        "selected_tables": [
            "CapacityMarkets",
            "ElectricitySpotMarkets",
            "EnergyConsumers",
            "EnergyProducers",
            "GeometricTrends",
            "StepTrends",
            "TargetInvestorTargets",
            "FuelPriceTrends",
            "TechnologiesEmlab",
            "Fuels",
            "dictTech",
            "dictFuel",
            "TechnologiesEmlabTemporal",
            "CO2",
            "CandidatePowerPlants",
            "StrategicReserveOperator",
            "cash",
            "Dismantled"
        ],
        "table_options": {
            "CapacityMarkets": {},
            "CO2Auction": {},
            "ElectricitySpotMarkets": {},
            "EnergyConsumers": {},
            "EnergyProducers": {
                "read_until_col": true,
                "read_until_row": true
            },
            "GeometricTrends": {
                "read_until_row": true,
                "read_until_col": true
            },
            "Governments": {},
            "IntermittentResourceProfiles": {},
            "MarketStabilityReserve": {},
            "NationalGovernments": {},
            "StepTrends": {},
            "TargetInvestors": {},
            "TargetInvestorTargets": {},
            "FuelPriceTrends": {},
            "explanation": {},
            "TechnologiesEmlab": {
                "row": 0,
                "column": 0,
                "read_until_col": true,
                "read_until_row": false
            },
            "Fuels": {},
            "NewTechnologies": {},
            "not chosen technologies": {},
            "COMPETESfuelPrices": {},
            "dutchGermanPlants2015_from_emla": {},
            "dictTech": {},
            "dictFuel": {},
            "TechnologiesEmlabTemporal": {
                "read_until_col": true
            },
            "dictvariables": {},
            "CO2": {},
            "CandidatePowerPlants": {},
            "StrategicReserveOperator": {},
            "cash": {},
            "Dismantled": {}
        },
        "table_types": {
            "CapacityMarkets": {
                "0": "string",
                "1": "float",
                "2": "float",
                "3": "float",
                "4": "float",
                "5": "float",
                "6": "string"
            },
            "CO2Auction": {
                "0": "string",
                "1": "float",
                "2": "float",
                "3": "float",
                "4": "float",
                "5": "float"
            },
            "ElectricitySpotMarkets": {
                "0": "string",
                "1": "float",
                "2": "float",
                "3": "float",
                "4": "float",
                "5": "float",
                "6": "float",
                "7": "float",
                "8": "string"
            },
            "EnergyConsumers": {
                "0": "string",
                "1": "float",
                "2": "float",
                "3": "float"
            },
            "EnergyProducers": {
                "0": "string",
                "1": "float",
                "2": "float",
                "3": "float",
                "4": "float",
                "5": "float",
                "6": "float",
                "7": "float",
                "8": "float",
                "9": "float",
                "10": "string",
                "11": "string"
            },
            "GeometricTrends": {
                "0": "string",
                "1": "float"
            },
            "Governments": {
                "0": "string",
                "1": "float",
                "2": "float",
                "3": "float",
                "4": "float"
            },
            "IntermittentResourceProfiles": {
                "0": "string",
                "1": "string",
                "2": "string"
            },
            "MarketStabilityReserve": {
                "0": "string",
                "1": "string",
                "2": "string",
                "3": "string",
                "4": "string"
            },
            "NationalGovernments": {
                "0": "string",
                "1": "string",
                "2": "string"
            },
            "StepTrends": {
                "0": "string",
                "1": "float",
                "2": "float",
                "3": "float",
                "4": "float",
                "5": "string",
                "6": "string",
                "7": "string",
                "8": "string",
                "9": "string"
            },
            "TargetInvestors": {
                "0": "string",
                "1": "string",
                "2": "string"
            },
            "TargetInvestorTargets": {
                "0": "string",
                "1": "float",
                "2": "string"
            },
            "FuelPriceTrends": {
                "0": "string",
                "1": "float",
                "2": "float",
                "3": "float",
                "4": "float",
                "5": "float",
                "6": "float",
                "7": "float",
                "8": "float",
                "9": "float",
                "10": "float"
            },
            "TechnologiesEmlab": {
                "0": "string",
                "1": "float",
                "2": "float",
                "3": "float",
                "4": "float",
                "5": "float",
                "6": "float",
                "7": "float",
                "8": "float",
                "9": "float",
                "10": "string",
                "11": "string"
            },
            "Fuels": {
                "0": "string",
                "1": "float",
                "2": "float",
                "3": "float",
                "4": "float"
            },
            "explanation": {
                "0": "string",
                "1": "string",
                "2": "string",
                "3": "string",
                "4": "string",
                "5": "string",
                "6": "string",
                "7": "string",
                "8": "string",
                "9": "string",
                "10": "string"
            },
            "NewTechnologies": {
                "0": "string",
                "1": "float",
                "2": "float",
                "3": "float",
                "4": "float",
                "5": "float",
                "6": "string",
                "7": "float",
                "8": "float"
            },
            "not chosen technologies": {
                "0": "string",
                "1": "string",
                "2": "string",
                "3": "string",
                "4": "string",
                "5": "string",
                "6": "string",
                "7": "string"
            },
            "dutchGermanPlants2015_from_emla": {
                "0": "string",
                "1": "float",
                "2": "float",
                "3": "float",
                "4": "float",
                "5": "float",
                "6": "float",
                "7": "float",
                "8": "string"
            },
            "COMPETESfuelPrices": {
                "0": "string"
            },
            "TechnologiesEmlabTemporal": {
                "0": "string",
                "1": "string",
                "2": "string",
                "3": "string",
                "4": "string",
                "5": "string",
                "6": "string",
                "7": "string",
                "8": "string",
                "9": "string",
                "10": "string",
                "11": "string"
            },
            "dictFuel": {
                "0": "string",
                "1": "float",
                "2": "float",
                "3": "string"
            },
            "dictvariables": {
                "0": "string",
                "1": "string"
            },
            "dictTech": {
                "0": "float",
                "1": "string",
                "2": "float",
                "3": "float",
                "4": "float",
                "5": "float",
                "6": "float",
                "7": "string"
            },
            "CO2": {
                "0": "string",
                "1": "string",
                "2": "string",
                "3": "string"
            },
            "CandidatePowerPlants": {
                "0": "string",
                "1": "float",
                "2": "float",
                "3": "float",
                "4": "string",
                "5": "string",
                "6": "string",
                "7": "string",
                "8": "string",
                "9": "string",
                "10": "string",
                "11": "string"
            },
            "StrategicReserveOperator": {
                "0": "float",
                "1": "float",
                "2": "string",
                "3": "string"
            },
            "cash": {
                "0": "string",
                "1": "string",
                "2": "float",
                "3": "float",
                "4": "float",
                "5": "float",
                "6": "float",
                "7": "float",
                "8": "float",
                "9": "float"
            },
            "Dismantled": {
                "0": "string",
                "1": "float"
            }
        },
        "table_row_types": {
            "TechnologiesEmlab": {
                "1": "string",
                "0": "string"
            },
            "dictFuel": {
                "0": "string"
            }
        },
        "source_type": "ExcelConnector"
    },
    "description": ""
}