{
    "name": "example timeseries",
    "item_type": "Importer",
    "mapping": {
        "table_mappings": {
            "data": [
                {
                    "Mapping 1": {
                        "mapping": [
                            {
                                "map_type": "ObjectClass",
                                "position": "hidden",
                                "value": "results",
                                "skip_columns": [
                                    3,
                                    4,
                                    5
                                ]
                            },
                            {
                                "map_type": "Object",
                                "position": 0
                            },
                            {
                                "map_type": "ObjectMetadata",
                                "position": "hidden"
                            },
                            {
                                "map_type": "ParameterDefinition",
                                "position": -1
                            },
                            {
                                "map_type": "Alternative",
                                "position": "hidden"
                            },
                            {
                                "map_type": "ParameterValueMetadata",
                                "position": "hidden"
                            },
                            {
                                "map_type": "ParameterValueType",
                                "position": "hidden",
                                "value": "time_series"
                            },
                            {
                                "map_type": "IndexName",
                                "position": 1
                            },
                            {
                                "map_type": "ParameterValueIndex",
                                "position": "hidden"
                            },
                            {
                                "map_type": "ExpandedValue",
                                "position": "hidden"
                            }
                        ]
                    }
                }
            ]
        },
        "selected_tables": [
            "data"
        ],
        "table_options": {
            "data": {
                "encoding": "ascii",
                "delimiter": ";",
                "quotechar": "\"",
                "skip": 0
            }
        },
        "table_types": {
            "data": {
                "0": "string",
                "1": "string",
                "2": "float",
                "3": "float",
                "4": "float",
                "5": "float"
            }
        },
        "table_row_types": {},
        "source_type": "CSVConnector"
    },
    "description": ""
}