{
    "name": "grouped power plants",
    "item_type": "Importer",
    "mapping": {
        "table_mappings": {
            "germany2019": [
                {
                    "Mapping 1": {
                        "mapping": [
                            {
                                "map_type": "ObjectClass",
                                "position": "hidden",
                                "value": "PowerPlantsInstalled"
                            },
                            {
                                "map_type": "Object",
                                "position": 0
                            },
                            {
                                "map_type": "ObjectMetadata",
                                "position": "hidden"
                            },
                            {
                                "map_type": "ParameterDefinition",
                                "position": -1
                            },
                            {
                                "map_type": "Alternative",
                                "position": "hidden",
                                "value": "0"
                            },
                            {
                                "map_type": "ParameterValueMetadata",
                                "position": "hidden"
                            },
                            {
                                "map_type": "ParameterValue",
                                "position": "hidden"
                            }
                        ]
                    }
                }
            ],
            "powerplants_grouped": [
                {
                    "Mapping 1": {
                        "mapping": [
                            {
                                "map_type": "ObjectClass",
                                "position": "hidden",
                                "value": "PowerPlantsInstalled"
                            },
                            {
                                "map_type": "Object",
                                "position": 0
                            },
                            {
                                "map_type": "ObjectMetadata",
                                "position": "hidden"
                            },
                            {
                                "map_type": "ParameterDefinition",
                                "position": -1
                            },
                            {
                                "map_type": "Alternative",
                                "position": "hidden",
                                "value": "0"
                            },
                            {
                                "map_type": "ParameterValueMetadata",
                                "position": "hidden"
                            },
                            {
                                "map_type": "ParameterValue",
                                "position": "hidden"
                            }
                        ]
                    }
                }
            ],
            "extendedDE": [
                {
                    "Mapping 1": {
                        "mapping": [
                            {
                                "map_type": "ObjectClass",
                                "position": "hidden",
                                "value": "PowerPlantsInstalled"
                            },
                            {
                                "map_type": "Object",
                                "position": 0
                            },
                            {
                                "map_type": "ObjectMetadata",
                                "position": "hidden"
                            },
                            {
                                "map_type": "ParameterDefinition",
                                "position": -1
                            },
                            {
                                "map_type": "Alternative",
                                "position": "hidden",
                                "value": "0"
                            },
                            {
                                "map_type": "ParameterValueMetadata",
                                "position": "hidden"
                            },
                            {
                                "map_type": "ParameterValue",
                                "position": "hidden"
                            }
                        ]
                    }
                }
            ],
            "extendedNL": [
                {
                    "Mapping 1": {
                        "mapping": [
                            {
                                "map_type": "ObjectClass",
                                "position": "hidden",
                                "value": "PowerPlantsInstalled"
                            },
                            {
                                "map_type": "Object",
                                "position": 0
                            },
                            {
                                "map_type": "ObjectMetadata",
                                "position": "hidden"
                            },
                            {
                                "map_type": "ParameterDefinition",
                                "position": -1
                            },
                            {
                                "map_type": "Alternative",
                                "position": "hidden",
                                "value": "0"
                            },
                            {
                                "map_type": "ParameterValueMetadata",
                                "position": "hidden"
                            },
                            {
                                "map_type": "ParameterValue",
                                "position": "hidden"
                            }
                        ]
                    }
                }
            ],
            "groupedDE_RES": [
                {
                    "Mapping 1": {
                        "mapping": [
                            {
                                "map_type": "ObjectClass",
                                "position": "hidden",
                                "value": "PowerPlantsInstalled"
                            },
                            {
                                "map_type": "Object",
                                "position": 0
                            },
                            {
                                "map_type": "ObjectMetadata",
                                "position": "hidden"
                            },
                            {
                                "map_type": "ParameterDefinition",
                                "position": -1
                            },
                            {
                                "map_type": "Alternative",
                                "position": "hidden",
                                "value": "0"
                            },
                            {
                                "map_type": "ParameterValueMetadata",
                                "position": "hidden"
                            },
                            {
                                "map_type": "ParameterValue",
                                "position": "hidden"
                            }
                        ]
                    }
                }
            ],
            "Sheet1": [
                {
                    "Mapping 1": {
                        "mapping": [
                            {
                                "map_type": "ObjectClass",
                                "position": "hidden"
                            },
                            {
                                "map_type": "Object",
                                "position": "hidden"
                            },
                            {
                                "map_type": "ObjectMetadata",
                                "position": "hidden"
                            }
                        ]
                    }
                }
            ]
        },
        "selected_tables": [
            "powerplants_grouped"
        ],
        "table_options": {
            "germany2019": {
                "read_until_col": true,
                "read_until_row": false,
                "row": 0
            },
            "powerplants_grouped": {},
            "extendedDE": {},
            "extendedNL": {},
            "groupedDE_RES": {},
            "Sheet1": {}
        },
        "table_types": {
            "germany2019": {
                "0": "string",
                "1": "float",
                "2": "float",
                "3": "float",
                "4": "string",
                "5": "string",
                "6": "string",
                "7": "string"
            },
            "powerplants_grouped": {
                "0": "string",
                "1": "float",
                "2": "float",
                "3": "float",
                "4": "float",
                "5": "float",
                "6": "float",
                "7": "float",
                "8": "string"
            },
            "extendedDE": {
                "0": "string",
                "1": "string",
                "2": "string",
                "3": "string",
                "4": "string",
                "5": "string",
                "6": "string",
                "7": "string",
                "8": "string",
                "9": "string"
            },
            "extendedNL": {
                "0": "string",
                "1": "string",
                "2": "string",
                "3": "string",
                "4": "string",
                "5": "string",
                "6": "string",
                "7": "string",
                "8": "string"
            },
            "groupedDE_RES": {
                "0": "string",
                "1": "float",
                "2": "float",
                "3": "float",
                "4": "float",
                "5": "float",
                "6": "float",
                "7": "float",
                "8": "float"
            },
            "Sheet1": {
                "0": "string",
                "1": "string",
                "2": "string",
                "3": "string"
            }
        },
        "table_row_types": {},
        "source_type": "ExcelConnector"
    },
    "description": ""
}