{
    "name": "import traderes db",
    "item_type": "Importer",
    "mapping": {
        "table_mappings": {
            "grid": [
                {
                    "Mapping 1": {
                        "mapping": [
                            {
                                "map_type": "ObjectClass",
                                "position": "hidden"
                            },
                            {
                                "map_type": "Object",
                                "position": "hidden"
                            },
                            {
                                "map_type": "ObjectMetadata",
                                "position": "hidden"
                            }
                        ]
                    }
                }
            ],
            "flow": [
                {
                    "Mapping 1": {
                        "mapping": [
                            {
                                "map_type": "ObjectClass",
                                "position": "hidden"
                            },
                            {
                                "map_type": "Object",
                                "position": "hidden"
                            },
                            {
                                "map_type": "ObjectMetadata",
                                "position": "hidden"
                            }
                        ]
                    }
                }
            ],
            "reserve_type": [
                {
                    "Mapping 1": {
                        "mapping": [
                            {
                                "map_type": "ObjectClass",
                                "position": "hidden"
                            },
                            {
                                "map_type": "Object",
                                "position": "hidden"
                            },
                            {
                                "map_type": "ObjectMetadata",
                                "position": "hidden"
                            }
                        ]
                    }
                }
            ],
            "unittype": [
                {
                    "Mapping 1": {
                        "mapping": [
                            {
                                "map_type": "ObjectClass",
                                "position": "hidden"
                            },
                            {
                                "map_type": "Object",
                                "position": "hidden"
                            },
                            {
                                "map_type": "ObjectMetadata",
                                "position": "hidden"
                            }
                        ]
                    }
                }
            ],
            "node": [
                {
                    "Mapping 1": {
                        "mapping": [
                            {
                                "map_type": "ObjectClass",
                                "position": "table_name",
                                "value": "node"
                            },
                            {
                                "map_type": "Object",
                                "position": 0
                            },
                            {
                                "map_type": "ObjectMetadata",
                                "position": "hidden"
                            },
                            {
                                "map_type": "ParameterDefinition",
                                "position": 1
                            },
                            {
                                "map_type": "Alternative",
                                "position": 2
                            },
                            {
                                "map_type": "ParameterValueMetadata",
                                "position": "hidden"
                            },
                            {
                                "map_type": "ParameterValue",
                                "position": 3
                            }
                        ]
                    }
                }
            ],
            "unit": [
                {
                    "Mapping 1": {
                        "mapping": [
                            {
                                "map_type": "ObjectClass",
                                "position": "table_name",
                                "value": "unit"
                            },
                            {
                                "map_type": "Object",
                                "position": 0
                            },
                            {
                                "map_type": "ObjectMetadata",
                                "position": "hidden"
                            },
                            {
                                "map_type": "ParameterDefinition",
                                "position": 1
                            },
                            {
                                "map_type": "Alternative",
                                "position": 2
                            },
                            {
                                "map_type": "ParameterValueMetadata",
                                "position": "hidden"
                            },
                            {
                                "map_type": "ParameterValue",
                                "position": 3
                            }
                        ]
                    }
                }
            ],
            "flow__unit": [
                {
                    "Mapping 1": {
                        "mapping": [
                            {
                                "map_type": "ObjectClass",
                                "position": "hidden"
                            },
                            {
                                "map_type": "Object",
                                "position": "hidden"
                            },
                            {
                                "map_type": "ObjectMetadata",
                                "position": "hidden"
                            }
                        ]
                    }
                }
            ],
            "grid__node__unit__io": [
                {
                    "Mapping 1": {
                        "mapping": [
                            {
                                "map_type": "ObjectClass",
                                "position": "hidden",
                                "value": "unit",
                                "read_start_row": 93
                            },
                            {
                                "map_type": "Object",
                                "position": 1
                            },
                            {
                                "map_type": "ObjectMetadata",
                                "position": 2
                            },
                            {
                                "map_type": "ParameterDefinition",
                                "position": 3
                            },
                            {
                                "map_type": "Alternative",
                                "position": 4
                            },
                            {
                                "map_type": "ParameterValueMetadata",
                                "position": "hidden"
                            },
                            {
                                "map_type": "ParameterValue",
                                "position": 5
                            }
                        ]
                    }
                }
            ],
            "explanation": [
                {
                    "Mapping 1": {
                        "mapping": [
                            {
                                "map_type": "ObjectClass",
                                "position": "hidden"
                            },
                            {
                                "map_type": "Object",
                                "position": "hidden"
                            },
                            {
                                "map_type": "ObjectMetadata",
                                "position": "hidden"
                            }
                        ]
                    }
                }
            ],
            "node2020": [
                {
                    "Mapping 1": {
                        "mapping": [
                            {
                                "map_type": "ObjectClass",
                                "position": "hidden",
                                "value": "node"
                            },
                            {
                                "map_type": "Object",
                                "position": 0
                            },
                            {
                                "map_type": "ObjectMetadata",
                                "position": "hidden"
                            },
                            {
                                "map_type": "ParameterDefinition",
                                "position": 1
                            },
                            {
                                "map_type": "Alternative",
                                "position": 2
                            },
                            {
                                "map_type": "ParameterValueMetadata",
                                "position": "hidden"
                            },
                            {
                                "map_type": "ParameterValue",
                                "position": 3
                            }
                        ]
                    }
                }
            ]
        },
        "selected_tables": [
            "node",
            "unit",
            "grid__node__unit__io"
        ],
        "table_options": {
            "grid": {},
            "flow": {},
            "reserve_type": {},
            "unittype": {},
            "node": {},
            "unit": {},
            "flow__unit": {},
            "grid__node__unit__io": {},
            "explanation": {},
            "node2020": {}
        },
        "table_types": {
            "flow": {
                "0": "string"
            },
            "node": {
                "0": "string",
                "1": "string",
                "2": "string",
                "3": "float"
            },
            "grid__node__unit__io": {
                "0": "string",
                "1": "string",
                "2": "string",
                "3": "string",
                "4": "string",
                "5": "float"
            },
            "unit": {
                "0": "string",
                "1": "string",
                "2": "string",
                "3": "float",
                "4": "string",
                "5": "string",
                "6": "string",
                "7": "string"
            },
            "node2020": {
                "0": "string",
                "1": "string",
                "2": "string",
                "3": "float"
            },
            "flow__unit": {
                "0": "string",
                "1": "string"
            }
        },
        "table_row_types": {},
        "source_type": "ExcelConnector"
    },
    "description": ""
}