{
    "name": "import amiris results",
    "item_type": "Importer",
    "mapping": {
        "table_mappings": {
            "data": [
                {
                    "Mapping 1": {
                        "mapping": [
                            {
                                "map_type": "ObjectClass",
                                "position": 5,
                                "skip_columns": [
                                    4
                                ]
                            },
                            {
                                "map_type": "Object",
                                "position": 0
                            },
                            {
                                "map_type": "ObjectMetadata",
                                "position": "hidden"
                            },
                            {
                                "map_type": "ParameterDefinition",
                                "position": -1
                            },
                            {
                                "map_type": "Alternative",
                                "position": "hidden",
                                "value": "0"
                            },
                            {
                                "map_type": "ParameterValueMetadata",
                                "position": "hidden",
                                "value": ""
                            },
                            {
                                "map_type": "ParameterValue",
                                "position": "hidden"
                            }
                        ]
                    }
                }
            ]
        },
        "selected_tables": [
            "data"
        ],
        "table_options": {
            "data": {
                "encoding": "ascii",
                "delimiter": ",",
                "quotechar": "\"",
                "skip": 0,
                "has_header": false
            }
        },
        "table_types": {
            "data": {
                "0": "string",
                "1": "float",
                "2": "float",
                "3": "float",
                "4": "float",
                "5": "string"
            }
        },
        "table_row_types": {},
        "source_type": "CSVConnector"
    },
    "description": ""
}