{
    "name": "amiris simple scenario",
    "item_type": "Importer",
    "mapping": {
        "table_mappings": {
            "PredefinedPlantBuilder": [
                {
                    "Mapping 1": {
                        "mapping": [
                            {
                                "map_type": "ObjectClass",
                                "position": "hidden",
                                "value": "Conventionals"
                            },
                            {
                                "map_type": "Object",
                                "position": "header"
                            },
                            {
                                "map_type": "ObjectMetadata",
                                "position": "hidden"
                            },
                            {
                                "map_type": "ParameterDefinition",
                                "position": 0
                            },
                            {
                                "map_type": "Alternative",
                                "position": "hidden",
                                "value": "0"
                            },
                            {
                                "map_type": "ParameterValueMetadata",
                                "position": "hidden"
                            },
                            {
                                "map_type": "ParameterValue",
                                "position": "hidden"
                            }
                        ]
                    }
                }
            ],
            "VariableRenewableOperator": [
                {
                    "Conventional": {
                        "mapping": [
                            {
                                "map_type": "ObjectClass",
                                "position": "hidden",
                                "value": "Renewables",
                                "skip_columns": [
                                    0
                                ]
                            },
                            {
                                "map_type": "Object",
                                "position": -1
                            },
                            {
                                "map_type": "ObjectMetadata",
                                "position": "hidden"
                            },
                            {
                                "map_type": "ParameterDefinition",
                                "position": 1
                            },
                            {
                                "map_type": "Alternative",
                                "position": "hidden",
                                "value": "0"
                            },
                            {
                                "map_type": "ParameterValueMetadata",
                                "position": "hidden"
                            },
                            {
                                "map_type": "ParameterValue",
                                "position": "hidden"
                            }
                        ]
                    }
                }
            ],
            "explanation": [
                {
                    "Mapping 1": {
                        "mapping": [
                            {
                                "map_type": "ObjectClass",
                                "position": "hidden"
                            },
                            {
                                "map_type": "Object",
                                "position": "hidden"
                            },
                            {
                                "map_type": "ObjectMetadata",
                                "position": "hidden"
                            }
                        ]
                    }
                }
            ],
            "StorageTrader": [
                {
                    "Mapping 1": {
                        "mapping": [
                            {
                                "map_type": "ObjectClass",
                                "position": "hidden",
                                "value": "Storages"
                            },
                            {
                                "map_type": "Object",
                                "position": -1
                            },
                            {
                                "map_type": "ObjectMetadata",
                                "position": "hidden"
                            },
                            {
                                "map_type": "ParameterDefinition",
                                "position": 0
                            },
                            {
                                "map_type": "Alternative",
                                "position": "hidden",
                                "value": "0"
                            },
                            {
                                "map_type": "ParameterValueMetadata",
                                "position": "hidden"
                            },
                            {
                                "map_type": "ParameterValue",
                                "position": "hidden"
                            }
                        ]
                    }
                }
            ],
            "Sheet1": [
                {
                    "Mapping 1": {
                        "mapping": [
                            {
                                "map_type": "ObjectClass",
                                "position": "hidden"
                            },
                            {
                                "map_type": "Object",
                                "position": "hidden"
                            },
                            {
                                "map_type": "ObjectMetadata",
                                "position": "hidden"
                            }
                        ]
                    }
                }
            ]
        },
        "selected_tables": [
            "PredefinedPlantBuilder",
            "VariableRenewableOperator",
            "StorageTrader"
        ],
        "table_options": {
            "PredefinedPlantBuilder": {
                "header": true,
                "column": 1
            },
            "VariableRenewableOperator": {},
            "explanation": {},
            "StorageTrader": {},
            "Sheet1": {}
        },
        "table_types": {
            "PredefinedPlantBuilder": {
                "0": "string",
                "1": "float",
                "2": "float",
                "3": "float",
                "4": "float",
                "5": "float",
                "6": "float",
                "7": "float"
            },
            "VariableRenewableOperator": {
                "0": "float",
                "1": "string",
                "2": "float",
                "3": "float",
                "4": "float",
                "5": "float",
                "6": "float",
                "7": "float",
                "8": "float",
                "9": "float",
                "10": "float",
                "11": "float",
                "12": "float"
            },
            "StorageTrader": {
                "0": "string",
                "1": "float"
            },
            "Sheet1": {
                "0": "string",
                "1": "string",
                "2": "string",
                "3": "string"
            },
            "explanation": {
                "0": "string"
            }
        },
        "table_row_types": {
            "VariableRenewableOperator": {
                "1": "string"
            }
        },
        "source_type": "ExcelConnector"
    },
    "description": ""
}