{
    "item_type": "Exporter",
    "output_format": "Excel",
    "name": "Exporter Traderes",
    "description": "",
    "mappings": {
        "node": {
            "type": "object_parameter_values",
            "mapping": [
                {
                    "map_type": "ObjectClass",
                    "position": "table_name",
                    "filter_re": "^node$"
                },
                {
                    "map_type": "ParameterDefinition",
                    "position": 1
                },
                {
                    "map_type": "ParameterValueList",
                    "position": "hidden",
                    "ignorable": true
                },
                {
                    "map_type": "Object",
                    "position": 0
                },
                {
                    "map_type": "Alternative",
                    "position": 2
                },
                {
                    "map_type": "ParameterValueType",
                    "position": "hidden"
                },
                {
                    "map_type": "ParameterValue",
                    "position": 3
                }
            ],
            "enabled": true,
            "always_export_header": true,
            "group_fn": "no_group",
            "use_fixed_table_name": false
        },
        "unit": {
            "type": "object_parameter_values",
            "mapping": [
                {
                    "map_type": "FixedValue",
                    "position": "table_name",
                    "value": "unit"
                },
                {
                    "map_type": "ObjectClass",
                    "position": "table_name",
                    "filter_re": "^unit$"
                },
                {
                    "map_type": "ParameterDefinition",
                    "position": 1
                },
                {
                    "map_type": "ParameterValueList",
                    "position": "hidden",
                    "ignorable": true
                },
                {
                    "map_type": "Object",
                    "position": 0
                },
                {
                    "map_type": "Alternative",
                    "position": 2,
                    "filter_re": "^vintage-2050$"
                },
                {
                    "map_type": "ParameterValueType",
                    "position": "hidden"
                },
                {
                    "map_type": "ParameterValue",
                    "position": 3
                }
            ],
            "enabled": true,
            "always_export_header": true,
            "group_fn": "no_group",
            "use_fixed_table_name": true
        },
        "node_unit_io": {
            "type": "relationship_parameter_values",
            "mapping": [
                {
                    "map_type": "RelationshipClass",
                    "position": "table_name",
                    "filter_re": "^node_unit_io$"
                },
                {
                    "map_type": "RelationshipClassObjectClass",
                    "position": 1
                },
                {
                    "map_type": "ParameterDefinition",
                    "position": 3
                },
                {
                    "map_type": "ParameterValueList",
                    "position": "hidden",
                    "ignorable": true
                },
                {
                    "map_type": "Relationship",
                    "position": "hidden"
                },
                {
                    "map_type": "RelationshipObject",
                    "position": 2
                },
                {
                    "map_type": "Alternative",
                    "position": 4
                },
                {
                    "map_type": "ParameterValueType",
                    "position": "hidden"
                },
                {
                    "map_type": "ParameterValue",
                    "position": 5
                }
            ],
            "enabled": true,
            "always_export_header": true,
            "group_fn": "no_group",
            "use_fixed_table_name": false
        }
    }
}