{
    "name": "AMIRIS",
    "tooltype": "python",
    "includes": [
        "run-java_ingrid.py"
    ],
    "description": "",
    "inputfiles": [],
    "inputfiles_opt": [],
    "outputfiles": [
        "AMIRIS.FameResult.pb"
    ],
    "cmdline_args": [
        "-cp",
        "amiris-jar-with-dependencies.jar",
        "de.dlr.gitlab.fame.setup.FameRunner"
    ],
    "execute_in_work": false,
    "includes_main_path": "../../../scripts",
    "execution_settings": {
        "env": "conda",
        "kernel_spec_name": "conda-env-amirisspine-py",
        "use_jupyter_console": true,
        "executable": "",
        "fail_on_stderror": false
    }
}