{
    "name": "Amiris future",
    "tooltype": "python",
    "includes": [
        "run.py"
    ],
    "description": "",
    "inputfiles": [],
    "inputfiles_opt": [],
    "outputfiles": [
        "C:\\Users\\isanchezjimene\\Documents\\TraderesCode\\toolbox-amiris-emlab\\amiris_workflow\\output\\raw\\EnergyExchangeMulti.csv",
        "C:\\Users\\isanchezjimene\\Documents\\TraderesCode\\toolbox-amiris-emlab\\amiris_workflow\\output\\amiris_results.csv"
    ],
    "cmdline_args": [],
    "execute_in_work": false,
    "includes_main_path": "../../../amiris_workflow",
    "execution_settings": {
        "env": "",
        "kernel_spec_name": "amiris",
        "use_jupyter_console": false,
        "executable": "C:/Programs/Anaconda3/envs/emlabEnv/python.exe"
    }
}