{
    "name": "convert_from_common_db_to_bb_db",
    "tooltype": "python",
    "includes": [
        "convert_from_common_db_to_bb_db.py"
    ],
    "description": "",
    "inputfiles": [],
    "inputfiles_opt": [],
    "outputfiles": [],
    "cmdline_args": [],
    "execute_in_work": false,
    "includes_main_path": "../../..",
    "execution_settings": {
        "env": "conda",
        "kernel_spec_name": "conda-env-spinetoolbox-py",
        "use_jupyter_console": true,
        "executable": "",
        "fail_on_stderror": true
    }
}