{
    "name": "define AMIRIS results year",
    "tooltype": "python",
    "includes": [
        "defineResultsYearCSV.py"
    ],
    "description": "",
    "inputfiles": [],
    "inputfiles_opt": [],
    "outputfiles": [
        "C:\\Users\\isanchezjimene\\Documents\\TraderesCode\\toolbox-amiris-emlab\\amiris_workflow\\output\\raw\\EnergyExchangeMulti.csv",
        "C:\\Users\\isanchezjimene\\Documents\\TraderesCode\\toolbox-amiris-emlab\\amiris_workflow\\output\\amiris_results.csv"
    ],
    "cmdline_args": [],
    "execute_in_work": false,
    "includes_main_path": "../../../emlabpy/util",
    "execution_settings": {
        "env": "",
        "kernel_spec_name": "emlabpy",
        "use_jupyter_console": true,
        "executable": "C:\\Programs\\Anaconda3\\envs\\emlabpy\\python.exe"
    }
}