{
    "name": "Prepare market clearing",
    "tooltype": "python",
    "includes": [
        "emlab.py"
    ],
    "description": "prepares year prices and adds new technologies to yaml files for amiris",
    "inputfiles": [],
    "inputfiles_opt": [],
    "outputfiles": [
        "forYaml.xlsx"
    ],
    "cmdline_args": [],
    "execute_in_work": true,
    "includes_main_path": "../../../emlabpy",
    "execution_settings": {
        "env": "",
        "kernel_spec_name": "amiris",
        "use_jupyter_console": true,
        "executable": ""
    }
}