{
    "name": "Initialize Power plants",
    "tooltype": "python",
    "includes": [
        "emlab.py"
    ],
    "description": "adding unique id to power plants and other specifications",
    "inputfiles": [],
    "inputfiles_opt": [],
    "outputfiles": [],
    "cmdline_args": [],
    "execute_in_work": false,
    "includes_main_path": "../../../emlabpy",
    "execution_settings": {
        "env": "",
        "kernel_spec_name": "emlabpy",
        "use_jupyter_console": true,
        "executable": ""
    }
}