{
    "name": "Prepare market",
    "tooltype": "python",
    "includes": [
        "emlab.py"
    ],
    "description": "",
    "inputfiles": [],
    "inputfiles_opt": [],
    "outputfiles": [
        "<project_dir>amiris_data_structure.xlsx"
    ],
    "cmdline_args": [],
    "execute_in_work": false,
    "includes_main_path": "../../../emlabpy",
    "execution_settings": {
        "env": "",
        "kernel_spec_name": "emlabpy",
        "use_jupyter_console": true,
        "executable": "C:\\Programs\\Anaconda3\\envs\\emlabpy\\python.exe"
    }
}