{
    "name": "Run config",
    "tooltype": "python",
    "includes": [
        "make_fame_run_config_ingrid.py"
    ],
    "description": "",
    "inputfiles": [],
    "inputfiles_opt": [],
    "outputfiles": [
        "fameConfig.pb"
    ],
    "cmdline_args": [],
    "execute_in_work": false,
    "includes_main_path": "../../../scripts",
    "execution_settings": {
        "env": "conda",
        "kernel_spec_name": "conda-env-amirisspine-py",
        "use_jupyter_console": true,
        "executable": "",
        "fail_on_stderror": false
    }
}